{
  "accuracy": 1.0,
  "precision": 0.0,
  "recall": 0.0,
  "samples": 24750,
  "train_losses": [
    0.22208592259229568,
    0.0027172788843297614,
    0.0007479058056980228,
    0.00035180709006127494,
    0.0002013642946482063,
    0.0001304269009359324,
    9.048794648454835e-05,
    6.674826526693486e-05,
    5.225827883875284e-05,
    3.921818335164482e-05,
    3.301335903252505e-05,
    2.6060317185720822e-05,
    2.2244772224393015e-05,
    1.9095096050501197e-05,
    1.6117954216427348e-05,
    1.3690515859893938e-05,
    1.2315897597895506e-05,
    1.0638486797595247e-05,
    9.209343937609214e-06,
    8.635765425424324e-06,
    7.2695679824764975e-06,
    6.458760253735818e-06,
    5.936116954566946e-06,
    5.419686883028473e-06,
    4.83233923030359e-06,
    4.391872881826249e-06,
    4.045849518428067e-06,
    3.5365281799106296e-06,
    3.4206258888867196e-06,
    3.049394052094356e-06,
    2.921046611612464e-06,
    2.7775960306942766e-06,
    2.358475554933065e-06,
    2.2669542253867967e-06,
    2.137409570679712e-06,
    1.9708278197564746e-06,
    1.8470702113331638e-06,
    1.6861639172323824e-06,
    1.588708084472483e-06,
    1.458778028470475e-06,
    1.3360873178195713e-06,
    1.2707552343727002e-06,
    1.2739199436194981e-06,
    1.2623872082829807e-06,
    1.1045319183722313e-06,
    1.0229549477804912e-06,
    9.40878107094716e-07,
    9.307133272165092e-07,
    8.387366975535443e-07,
    7.787473110126414e-07,
    7.729077661877408e-07,
    6.904932679419336e-07,
    6.774102424072062e-07,
    6.085434941601657e-07,
    5.836261742149127e-07,
    5.693900843011644e-07,
    5.330461374633626e-07,
    5.221446257016793e-07,
    4.7673407357397315e-07,
    4.771518242399417e-07,
    3.893748585098295e-07,
    4.1222672710097333e-07,
    3.727905046538091e-07,
    3.767367799375675e-07,
    3.3484302045613174e-07,
    3.461838848404743e-07,
    3.231628456800396e-07,
    3.0492815793737605e-07,
    2.6693820951952427e-07,
    2.7592273218383173e-07,
    2.761415188592181e-07,
    2.3674921177912321e-07,
    2.3605889874162153e-07,
    2.1077110983032281e-07,
    2.0208054334165564e-07,
    2.0323282922090468e-07,
    1.9547494790919163e-07,
    1.8337439664734143e-07,
    1.6397106432755675e-07,
    1.6989868219988799e-07
  ],
  "val_losses": [
    0.0060953024541959165,
    0.0009689746337244287,
    0.0003829769804724492,
    0.00019807163189398125,
    0.00011918186173716094,
    7.807828442309983e-05,
    5.493268181453459e-05,
    4.032867527712369e-05,
    3.0570802846341397e-05,
    2.4060208033915842e-05,
    1.921270632010419e-05,
    1.568920110912586e-05,
    1.3001860133954324e-05,
    1.088693593374046e-05,
    9.218036757374648e-06,
    7.895642806943214e-06,
    6.808664352320193e-06,
    5.9228803365840575e-06,
    5.186021189729217e-06,
    4.5640426264981215e-06,
    4.045095329274772e-06,
    3.6080971995033908e-06,
    3.220927919755923e-06,
    2.8923062814101287e-06,
    2.604483881896158e-06,
    2.3552258028303186e-06,
    2.1344053436678222e-06,
    1.9451415198545874e-06,
    1.7712890837628948e-06,
    1.6194699867355667e-06,
    1.4802685143422424e-06,
    1.353668932324581e-06,
    1.2459087031402305e-06,
    1.147509499332955e-06,
    1.0572469591352273e-06,
    9.74984311596927e-07,
    9.022459494190116e-07,
    8.354529825282953e-07,
    7.742649614783659e-07,
    7.200331879175792e-07,
    6.702565002569827e-07,
    6.247238019341239e-07,
    5.798202025175669e-07,
    5.375833509901895e-07,
    5.005285643733259e-07,
    4.674283417216429e-07,
    4.367547944639227e-07,
    4.0738253943573e-07,
    3.8157238577696264e-07,
    3.576606772526247e-07,
    3.348702648509061e-07,
    3.1409283280936505e-07,
    2.945190345826632e-07,
    2.766406176135661e-07,
    2.6008128415355716e-07,
    2.4450706206380344e-07,
    2.2959382732778978e-07,
    2.1556757445750918e-07,
    2.029816094761827e-07,
    1.9068941483624258e-07,
    1.8011817104479633e-07,
    1.6978809327383715e-07,
    1.6034545211596196e-07,
    1.5105580466467928e-07,
    1.4252279818549595e-07,
    1.3426427472040814e-07,
    1.2649313170243203e-07,
    1.1906946077999691e-07,
    1.1258464596153317e-07,
    1.0616383647743532e-07,
    1.0000195018733394e-07,
    9.454344684911575e-08,
    8.931529826838869e-08,
    8.455409314933604e-08,
    8.002186895339491e-08,
    7.55607178604123e-08,
    7.143485358795942e-08,
    6.738585049959056e-08,
    6.390043125747979e-08,
    6.03529038301076e-08
  ],
  "best_epoch": 80,
  "best_val_loss": 6.03529038301076e-08,
  "time_sec": 36.6,
  "trained_at": "2026-02-23T15:57:45.801469"
}