{
  "mae": 0.76,
  "rmse": 1.05,
  "r2": 0.9736,
  "samples": 1650,
  "train_losses": [
    0.005249968729913235,
    0.002376487986607985,
    0.001310850509484722,
    0.0010887216194532812,
    0.0009390004772946916,
    0.0007554838349196044,
    0.000653839656892656,
    0.0006490128871519119,
    0.0007111459166150202,
    0.0006637175181160935,
    0.000562366259559481,
    0.0005608504685700278,
    0.0005603165270506659,
    0.0004653872509317642,
    0.0005466039742300795,
    0.00047186346968043256,
    0.00047231672347565603,
    0.0005039364147127013,
    0.00043799727625975555,
    0.0005278487038925629,
    0.0004144466206939383,
    0.00045229187393984336,
    0.0004892233515750955,
    0.0004503033097452399,
    0.0004212526189142161,
    0.00040084075193259525,
    0.00039192133011635053,
    0.0004010139038489962,
    0.00038668142488776624,
    0.0003836359140801836,
    0.0003711912590502338,
    0.000374281690297225,
    0.00034593452371402896,
    0.0003534035601081665,
    0.0003813444769052281,
    0.0004245875289515507,
    0.00037483868337321013,
    0.00036792958483353936,
    0.0003825509576761926,
    0.0003360233425734226,
    0.00034372096045196736,
    0.00032902966962534595,
    0.00032763439759781414,
    0.0003666693016632714,
    0.00033022140533748,
    0.0003467142841228369,
    0.0003453824028838426,
    0.0002991620408879085,
    0.00031536021031735635,
    0.00031226644668177784,
    0.00031883507141504776
  ],
  "val_losses": [
    0.002601655238928894,
    0.002014479134231806,
    0.0013385973870754242,
    0.0009008056561773022,
    0.0007436378509737551,
    0.000655126137038072,
    0.0006198279831248025,
    0.0006437054350196073,
    0.0005841026237855355,
    0.0005249690730124712,
    0.0005696241666252414,
    0.0005401963232240329,
    0.0004937281870904068,
    0.00048520514004242915,
    0.0005033999138201276,
    0.0005121849244460464,
    0.00046807670150883496,
    0.0005031607191388806,
    0.0004783240146934986,
    0.0004455622499032567,
    0.0004987693391740322,
    0.0004147125582676381,
    0.00047258374009591836,
    0.00042160186179292697,
    0.00039454796448505175,
    0.00042788314749486744,
    0.0003819954047988479,
    0.0003875912370858714,
    0.0004325138385562847,
    0.0004424663687435289,
    0.00038173431433582056,
    0.0003851789903516571,
    0.00035869417964325595,
    0.0003932997933588922,
    0.00043379418396701414,
    0.00036178582134501386,
    0.0003799146555441742,
    0.0003800727378499384,
    0.0003737161944930752,
    0.0003864929894916713,
    0.0003382802727477004,
    0.00036060827066345763,
    0.0003536762184618662,
    0.00037447563954629004,
    0.0003539384779287502,
    0.00040134289884008467,
    0.00034735653510627645,
    0.00035644408490043133,
    0.0003518632729537785,
    0.0003415444177032138,
    0.000349726396962069
  ],
  "best_epoch": 41,
  "best_val_loss": 0.0003382802727477004,
  "time_sec": 1.9,
  "trained_at": "2026-02-23T15:57:07.569290"
}