{
  "mae_1yr": 0.0064,
  "accuracy_1yr": 1.0,
  "mae_3yr": 0.0079,
  "accuracy_3yr": 0.9921,
  "mae_5yr": 0.0068,
  "accuracy_5yr": 0.9909,
  "samples": 1650,
  "train_losses": [
    0.7262016426433217,
    0.6511076472022317,
    0.5907430973919955,
    0.5213617086410522,
    0.46097307855432684,
    0.41186225414276123,
    0.3590676621957259,
    0.31691865487532184,
    0.27707392790100793,
    0.2463922771540555,
    0.22144631228663705,
    0.19284791160713544,
    0.17154013162309473,
    0.1530673002654856,
    0.13863929361104965,
    0.12625303187153555,
    0.11849236759272488,
    0.10673515634103255,
    0.09805715558203784,
    0.09261557730761441,
    0.08316304500807416,
    0.08105294745076787,
    0.07487699321725151,
    0.0707865645262328,
    0.06871215931393883,
    0.06410905617204579,
    0.06250605698336255,
    0.06095847555182197,
    0.05905893986875361,
    0.05798407914963635,
    0.05799082260240208,
    0.053222728723829445,
    0.05058899454095147,
    0.0516447512940927,
    0.047818766737526115,
    0.04886226220564409,
    0.047559513795104896,
    0.04653660343451933,
    0.04563003609126264,
    0.043692289258946075,
    0.04361165094782005,
    0.041438605297695504,
    0.041232401843775406,
    0.04214577715505253,
    0.04410804469477047,
    0.041007075628096405,
    0.03970183499834754,
    0.04010131633417173,
    0.037530541250651535,
    0.0382008972493085,
    0.03634823283011263,
    0.03786236191676422,
    0.03612767261537639,
    0.03526370803063566,
    0.03750647502866658,
    0.03557110679420558,
    0.038613742048090156,
    0.03609064407646656,
    0.03722017122940584,
    0.03503721884705804,
    0.03746065734462305,
    0.033415559848601166,
    0.03312200087715279,
    0.035027370364828544,
    0.03510311804711819,
    0.03355244301598181,
    0.0323667008091103,
    0.03394384411248294,
    0.03327230135486885,
    0.03321348105303266,
    0.03297711146826094,
    0.03170618982138959,
    0.035550159232860264,
    0.031304034319790924,
    0.03283566253429109,
    0.03433982350609519,
    0.031149158465930006,
    0.031547087329355156
  ],
  "val_losses": [
    0.6896518667538961,
    0.6417287389437357,
    0.57187952597936,
    0.4965458909670512,
    0.42633912960688275,
    0.3747231960296631,
    0.33608128627141315,
    0.2926744520664215,
    0.26209282875061035,
    0.23314698537190756,
    0.20680967470010123,
    0.18456927438577017,
    0.16403291126092276,
    0.14618695775667825,
    0.12950483212868372,
    0.11707440267006557,
    0.1066618487238884,
    0.0982854167620341,
    0.0906052937110265,
    0.08537632475296657,
    0.0796588882803917,
    0.07554299136002858,
    0.07143800457318623,
    0.06771889949838321,
    0.06606673697630565,
    0.06424288203318913,
    0.06236475333571434,
    0.060143367697795234,
    0.05860273291667303,
    0.05701249341169993,
    0.05637717122832934,
    0.05549328153332075,
    0.054647097984949745,
    0.05338390792409579,
    0.05285485585530599,
    0.052307275434335075,
    0.051817032198111214,
    0.051947131752967834,
    0.05118891472617785,
    0.05096347133318583,
    0.050365518778562546,
    0.04934188351035118,
    0.0494262141486009,
    0.04959323505560557,
    0.0491833525399367,
    0.049247268587350845,
    0.04952644184231758,
    0.04979071952402592,
    0.049110577131311096,
    0.04895292470852534,
    0.04866645485162735,
    0.04838918584088484,
    0.0482409888257583,
    0.04794854919115702,
    0.04731537029147148,
    0.04695529863238335,
    0.046924409146110214,
    0.04707245218257109,
    0.04672537992397944,
    0.045796635250250496,
    0.04569228055576483,
    0.04609566181898117,
    0.04619673267006874,
    0.04592534340918064,
    0.0458667054772377,
    0.04507381655275822,
    0.045038796961307526,
    0.04469302917520205,
    0.044939421117305756,
    0.04552003430823485,
    0.045189990351597466,
    0.04490156099200249,
    0.04481181067725023,
    0.04546151061852773,
    0.045949885000785194,
    0.04624026517073313,
    0.04592896935840448,
    0.04587153842051824
  ],
  "best_epoch": 68,
  "best_val_loss": 0.04469302917520205,
  "time_sec": 4.0,
  "trained_at": "2026-02-23T15:55:24.989090"
}