{
  "mae": 0.0004,
  "rmse": 0.0006,
  "mape": 0.0,
  "r2": -238385.75,
  "samples": 1650,
  "train_losses": [
    0.003291455211140038,
    0.0004856359460280233,
    0.00032431771978735924,
    0.00025375637605542405,
    0.00024724102348998365,
    0.000216908196480723,
    0.00018320469202340713,
    0.00014844853978415596,
    0.0001473189879020321,
    0.00013568703780904236,
    0.00012816791457312537,
    0.00011662796757827025,
    0.00011357777042403108,
    0.00010315156534835253,
    9.39855304923618e-05,
    9.032181800908543e-05,
    9.064424236948114e-05,
    8.237109120403017e-05,
    7.338695043775563e-05,
    7.652422226826838e-05,
    6.59201106741204e-05,
    6.618115003220737e-05,
    5.911343933327035e-05,
    5.8940979042312216e-05,
    5.701727007233005e-05,
    4.9731652931465455e-05,
    5.0182193739428405e-05,
    4.471883515916055e-05,
    4.459954219609721e-05,
    4.205068927105804e-05,
    3.686762673688853e-05,
    3.7596290331705296e-05,
    3.80638181619967e-05,
    3.662909546706249e-05,
    3.213944633205843e-05,
    3.17252963993399e-05
  ],
  "val_losses": [
    0.00022178505848084265,
    5.5719923693686724e-05,
    1.2566174670306888e-05,
    1.8072059901896864e-05,
    7.30328937000498e-06,
    6.801032213843428e-06,
    5.367521832037407e-06,
    1.6020363394394128e-05,
    6.407209487709527e-06,
    3.7971164677704414e-06,
    2.9085692100731344e-06,
    2.3115053030172326e-06,
    6.309067202892038e-06,
    1.714757881169741e-06,
    2.0185969826040187e-06,
    5.901653518473419e-06,
    2.1410972597853592e-06,
    9.414980108128171e-07,
    3.7207352837261474e-06,
    1.731814374276534e-06,
    4.571077700650979e-06,
    1.212701249642123e-06,
    3.897848084003878e-06,
    7.77133825143513e-07,
    1.6407958393453252e-06,
    4.3895939446277527e-07,
    3.2248442873121044e-06,
    1.0290071372764942e-06,
    6.518362548983229e-07,
    5.415855402664723e-07,
    3.5949150666662413e-06,
    2.217865130660357e-06,
    8.564707817034408e-07,
    1.0724034022283984e-06,
    7.094310490174394e-07,
    8.816644386418678e-07
  ],
  "best_epoch": 26,
  "best_val_loss": 4.3895939446277527e-07,
  "time_sec": 5.2,
  "trained_at": "2026-02-23T15:56:46.202726"
}